id,speed
0,48.460835
1,48.06642
2,35.347206
3,29.158072
4,37.88497
5,29.43707
6,21.582825
7,49.598003
8,49.228134
9,32.82916
10,27.960371
11,26.105145
12,25.800457
13,25.128794
14,26.43475
15,41.337677
16,42.30203
17,45.271572
18,49.174805
19,49.79486
20,47.776447
21,45.905342
22,19.461014
23,25.611254
24,25.040783
25,19.965443
26,20.791508
27,19.434988
28,17.557325
29,15.001409
30,23.686716
31,41.420654
32,47.441883
33,30.209808
34,21.814785
35,21.99936
36,20.259996
37,19.532825
38,41.425472
39,37.94822
40,41.643063
41,47.747864
42,47.975597
43,44.035927
44,25.48536
45,22.284834
46,19.959484
47,11.4282055
48,41.052814
49,50.694244
50,49.714394
51,22.605265
52,21.879593
53,19.35106
54,20.204538
55,17.908144
56,11.644678
57,11.561424
58,22.524311
59,35.013813
60,35.819584
61,39.597267
62,40.09758
63,41.223984
64,39.88976
65,48.28421
66,47.43392
67,46.596294
68,43.5886
69,26.609535
70,22.331469
71,20.594412
72,17.800396
73,17.29856
74,16.749039
75,8.226532
76,38.631428
77,34.018745
78,38.189053
79,47.52588
80,13.17848
81,14.932729
82,19.350126
83,16.802494
84,14.863919
85,12.21318
86,23.36463
87,38.684635
88,42.709305
89,39.71591
90,47.325005
91,47.030018
92,44.622433
93,43.485207
94,31.507372
95,18.88549
96,25.685303
97,13.649236
98,10.131276
99,19.255157
100,41.661522
101,47.17768
102,16.51756
103,16.633022
104,14.043094
105,41.530407
106,33.21588
107,48.88618
108,43.535515
109,12.527836
110,16.648643
111,16.541105
112,24.802965
113,37.83867
114,44.611195
115,49.69502
116,48.50511
117,42.508034
118,27.637691
119,23.472422
120,19.3051
121,16.480207
122,32.39834
123,47.33602
124,46.598953
125,43.503452
126,40.566154
127,37.45982
128,41.550167
129,32.86363
130,48.602943
131,47.11157
132,46.59346
133,28.583681
134,23.28006
135,25.241037
136,40.816544
137,46.33926
138,49.586918
139,47.70964
140,47.157
141,44.99075
142,25.523645
143,16.34959
144,20.825844
145,16.924974
146,17.670446
147,49.392742
148,49.829163
149,48.159786
150,47.505383
151,16.065723
152,16.516527
153,14.828922
154,8.535072
155,21.637394
156,36.93472
157,43.504597
158,40.404556
159,45.53166
160,48.514828
161,49.2166
162,48.223427
163,47.46183
164,45.306034
165,25.26186
166,15.517209
167,20.561052
168,18.4137
169,18.513262
170,12.620626
171,11.488186
172,45.02668
173,48.587505
174,44.584534
175,26.786425
176,18.427483
177,15.515522
178,17.494976
179,10.021114
180,43.805103
181,48.554638
182,48.831215
183,48.18313
184,40.835423
185,20.072977
186,20.268436
187,38.808773
188,35.613895
189,48.80691
190,44.098946
191,44.108276
192,38.412865
193,38.57906
194,38.677773
195,39.064266
196,39.11929
197,43.883003
198,39.596054
199,48.094215
200,47.10868
201,24.76924
202,22.854876
203,19.385408
204,17.61366
205,19.469328
206,40.9696
207,42.636093
208,49.061092
209,48.699913
210,47.72109
211,47.480644
212,26.058535
213,15.761318
214,22.178673
215,22.002863
216,17.172937
217,25.01767
218,44.94323
219,48.05554
220,47.19491
221,45.34453
222,24.244343
223,18.654236
224,11.548036
225,26.52093
226,48.3094
227,48.51553
228,16.7751
229,23.260374
230,20.374811
231,18.863848
232,44.71432
233,48.79528
234,47.12601
235,17.785915
236,23.315607
237,20.149513
238,24.863829
239,42.972088
240,35.329296
241,39.52326
242,49.174015
243,49.358055
244,48.815002
245,48.88669
246,29.735836
247,24.407303
248,20.459957
249,20.033566
250,20.082691
251,32.016212
252,41.83093
253,34.279385
254,37.72134
255,46.882107
256,46.519115
257,46.253452
258,43.93854
259,40.88513
260,39.46648
261,37.438503
262,38.700783
263,41.51559
264,33.166706
265,41.311794
266,48.302876
267,45.610313
268,18.770626
269,20.118319
270,18.08587
271,18.934174
272,18.506636
273,14.444571
274,46.54098
275,47.693996
276,48.28079
277,47.634777
278,27.095076
279,13.654141
280,15.554495
281,21.41573
282,18.823166
283,17.022823
284,13.619976
285,12.348331
286,48.139717
287,47.855946
288,10.940497
289,15.995099
290,15.139602
291,11.277759
292,10.340872
293,25.255758
294,44.615955
295,47.786377
296,49.011803
297,34.339355
298,24.26775
299,32.46904
300,26.816116
301,22.715185
302,27.423048
303,41.102383
304,40.164906
305,49.463955
306,48.8742
307,49.356083
308,46.72724
309,36.79694
310,18.68748
311,10.3513775
312,41.052303
313,36.43049
314,40.14604
315,49.781746
316,47.381992
317,44.756046
318,38.526794
319,40.647976
320,44.23345
321,46.446903
322,46.082455
323,45.344124
324,32.224495
325,36.0413
326,42.403656
327,39.051952
328,37.43362
329,35.27738
330,32.667114
331,32.746754
332,41.83749
333,44.57646
334,41.435814
335,45.634243
336,46.470318
337,46.843426
338,20.508495
339,22.29637
340,20.41355
341,24.204403
342,41.369045
343,41.70448
344,48.822433
345,49.00636
346,47.909786
347,18.664522
348,37.63282
349,49.462746
350,48.57033
351,48.273636
352,35.533653
353,17.875025
354,23.653828
355,19.025572
356,15.962513
357,20.616278
358,38.516533
359,44.54414
360,45.76892
361,49.796665
362,18.863455
363,24.386707
364,20.713617
365,17.466993
366,13.735915
367,24.529581
368,38.08057
369,48.62951
370,47.659073
371,47.287888
372,46.9182
373,16.365772
374,17.80044
375,10.407205
376,20.798517
377,36.266373
378,44.18496
379,49.54128
380,26.508406
381,18.563225
382,12.234375
383,29.133358
384,48.776016
385,48.254776
386,47.976856
387,30.560875
388,30.651731
389,32.881157
390,32.06566
391,39.491177
392,48.337574
393,49.117973
394,46.881737
395,21.678453
396,21.102423
397,20.21204
398,18.915327
399,17.456852
400,12.2694435
401,39.82037
402,36.53003
403,48.751095
404,47.60113
405,45.06861
406,35.056515
407,17.786846
408,19.800478
409,20.538988
410,20.347805
411,12.077455
412,38.896454
413,36.880196
414,41.851658
415,48.128277
416,48.038303
417,47.899593
418,47.458298
419,34.417774
420,18.003008
421,11.660106
422,41.752827
423,39.15273
424,48.62533
425,49.843117
426,48.28395
427,41.271564
428,30.462418
429,39.714634
430,40.967175
431,46.957054
432,47.13824
433,44.744015
434,30.368746
435,34.94931
436,26.67925
437,24.234884
438,47.89975
439,47.884865
440,48.542267
441,41.89062
442,34.661224
443,36.09312
444,32.960392
445,31.640665
446,30.068998
447,34.724148
448,46.507942
449,45.655037
450,46.31611
451,45.342102
452,45.215096
453,43.9433
454,44.32683
455,43.454697
456,42.69554
457,45.25774
458,48.485973
459,48.730457
460,39.540844
461,26.908976
462,29.92119
463,27.031923
464,34.98874
465,40.208733
466,47.146954
467,47.83003
468,47.752747
469,47.5499
470,24.16762
471,28.999956
472,29.264933
473,23.77867
474,17.83923
475,27.631166
476,47.964046
477,48.181522
478,36.845196
479,30.499636
480,29.187449
481,24.13397
482,27.928654
483,47.96172
484,47.163036
485,46.823116
486,32.894848
487,36.278168
488,29.996763
489,16.101448
490,15.749252
491,37.448654
492,42.61435
493,47.11174
494,47.624706
495,46.620193
496,25.015785
497,28.695642
498,41.872993
499,48.558308
500,48.875275
501,48.94185
502,48.27904
503,48.218243
504,34.775787
505,34.975758
506,30.819353
507,30.575085
508,27.525362
509,44.992817
510,46.27337
511,46.045013
512,45.474545
513,45.011005
514,44.81191
515,42.293793
516,40.523674
517,44.975204
518,47.423798
519,47.59678
520,18.1972
521,25.178076
522,22.063986
523,23.151707
524,16.00869
525,47.138905
526,47.61563
527,48.04153
528,47.508423
529,26.760366
530,20.875923
531,26.233982
532,21.361866
533,19.083357
534,14.502823
535,47.47807
536,26.932114
537,15.871546
538,17.829584
539,19.408287
540,15.217456
541,14.795912
542,45.147594
543,43.760838
544,46.514343
545,44.219788
546,18.126072
547,23.356627
548,24.544403
549,22.756702
550,20.191336
551,40.617523
552,40.31768
553,48.006542
554,48.345703
555,45.101395
556,35.879227
557,15.620354
558,20.142906
559,21.263437
560,18.298512
561,18.894762
562,18.0578
563,18.095194
564,16.854538
565,13.959663
566,43.504997
567,38.836735
568,41.743847
569,50.107883
570,49.02902
571,26.773561
572,41.621918
573,45.983624
574,46.659595
575,48.05163
576,47.739647
577,37.326935
578,41.439533
579,37.76082
580,37.718845
581,35.510384
582,49.274696
583,49.32477
584,20.209898
585,20.070389
586,25.704874
587,24.992626
588,21.72039
589,18.093023
590,18.231092
591,16.665178
592,45.44161
593,47.36342
594,47.535553
595,46.341682
596,44.915546
597,31.777227
598,24.766438
599,20.84427
600,17.68411
601,48.597675
602,47.757088
603,45.44368
604,19.75877
605,18.997543
606,37.355473
607,39.80211
608,48.142204
609,48.166985
610,47.27434
611,46.390205
612,41.88343
613,13.005733
614,19.232313
615,15.190969
616,13.908036
617,15.960818
618,12.365082
619,25.907745
620,40.03602
621,50.452606
622,49.802223
623,49.543167
624,46.901608
625,34.02791
626,18.89995
627,16.964972
628,18.427498
629,10.187272
630,20.48546
631,50.01373
632,48.45989
633,47.794147
634,35.055294
635,25.747301
636,22.842573
637,48.05974
638,50.21692
639,48.380325
640,38.469616
641,40.305325
642,37.326958
643,35.44914
644,31.269941
645,46.07122
646,42.821297
647,46.500084
648,47.119835
649,48.91532
650,46.50259
651,18.622658
652,19.17759
653,10.770277
654,22.08235
655,46.89347
656,48.016033
657,47.229336
658,46.451084
659,46.31743
660,43.580097
661,14.369729
662,22.341652
663,18.196392
664,18.195892
665,19.164135
666,18.415897
667,11.177185
668,42.075916
669,38.12294
670,43.24388
671,47.883232
672,44.94836
673,23.088366
674,17.491905
675,36.30611
676,49.499825
677,48.45902
678,48.090397
679,14.73427
680,23.45885
681,19.310307
682,20.591639
683,18.705
684,44.06983
685,47.894768
686,47.918488
687,47.355656
688,45.37096
689,26.044144
690,14.829114
691,21.148
692,16.466984
693,15.836195
694,49.004684
695,48.18053
696,39.485554
697,25.24742
698,24.127304
699,19.151102
700,17.297018
701,18.420065
702,40.41195
703,45.30606
704,47.069786
705,47.417953
706,47.10984
707,45.760952
708,43.84091
709,40.915813
710,41.05721
711,41.962154
712,41.66618
713,41.625904
714,38.549866
715,45.273144
716,37.065666
717,44.313847
718,47.5701
719,26.594555
720,12.646905
721,10.400927
722,8.944063
723,44.485058
724,44.964466
725,47.496014
726,47.35027
727,24.703299
728,13.905688
729,14.708438
730,9.84371
731,42.388016
732,47.46331
733,48.282177
734,42.986153
735,11.957007
736,13.053242
737,12.389141
738,12.442747
739,6.712591
740,33.107098
741,39.974724
742,47.628124
743,48.436474
744,48.06824
745,26.523558
746,16.374434
747,19.703882
748,20.285725
749,17.153994
750,17.068213
751,14.714615
752,40.88443
753,47.915894
754,47.732975
755,46.54904
756,45.943012
757,12.505354
758,16.12054
759,16.657547
760,17.216782
761,12.1301
762,22.901064
763,44.446453
764,36.637894
765,39.648365
766,49.33782
767,48.82366
768,41.625443
769,17.540209
770,18.573538
771,18.633726
772,31.442184
773,45.52714
774,46.13873
775,45.749382
776,46.049553
777,45.72284
778,40.9877
779,37.04653
780,47.801044
781,48.49797
782,48.27349
783,14.737338
784,16.063894
785,16.391525
786,13.527942
787,14.950982
788,9.550947
789,21.259659
790,47.836895
791,48.34408
792,47.234528
793,48.1063
794,20.699308
795,19.497675
796,13.734954
797,9.527605
798,20.522274
799,47.38703
800,25.331957
801,12.650465
802,13.949221
803,11.95475
804,13.904797
805,10.98493
806,36.35376
807,41.55925
808,47.15075
809,47.06302
810,47.22868
811,46.917408
812,27.715343
813,11.658292
814,18.679884
815,18.662443
816,15.539754
817,42.540382
818,35.491856
819,49.799335
820,48.02204
821,33.207153
822,36.712128
823,26.028727
824,25.745243
825,26.695772
826,49.681717
827,48.593086
828,36.263084
829,35.30374
830,36.73335
831,30.662819
832,40.403862
833,38.282818
834,47.626274
835,48.226685
836,41.338028
837,39.9883
838,46.505173
839,40.367065
840,48.44025
841,48.301037
842,47.826477
843,33.139133
844,29.05474
845,24.946585
846,26.55425
847,39.31152
848,47.6248
849,48.188442
850,48.036446
851,20.66109
852,26.41249
853,27.177418
854,26.337152
855,26.450663
856,24.596125
857,38.65363
858,42.509483
859,47.829323
860,48.13559
861,47.571148
862,18.638233
863,24.339378
864,25.117207
865,22.260185
866,25.229877
867,43.952713
868,40.578636
869,48.98847
870,48.267838
871,31.7687
872,27.30788
873,23.729052
874,46.44813
875,43.57364
876,47.696903
877,47.572292
878,47.248104
879,20.4896
880,14.735521
881,11.656764
882,24.385172
883,44.007893
884,39.438892
885,48.85462
886,48.92019
887,47.834595
888,47.60747
889,47.882618
890,33.688553
891,26.385138
892,29.36998
893,26.944172
894,38.25859
895,47.558018
896,34.839584
897,44.38361
898,45.555428
899,43.2958
900,44.629757
901,48.43805
902,47.290962
903,33.042404
904,21.589579
905,23.131998
906,25.306974
907,18.853792
908,16.981726
909,12.143841
910,38.092552
911,44.006382
912,47.999382
913,47.095562
914,46.310604
915,23.39916
916,23.457592
917,18.633425
918,19.799246
919,14.734126
920,48.58282
921,48.96214
922,47.56961
923,15.920861
924,19.47603
925,19.230467
926,17.118217
927,18.870476
928,16.305704
929,13.317532
930,27.249672
931,42.773846
932,46.30352
933,48.123306
934,17.959696
935,18.871624
936,17.37623
937,16.531782
938,12.796631
939,21.260298
940,43.622272
941,47.37787
942,48.85534
943,47.77945
944,47.411743
945,27.178913
946,13.350162
947,23.912804
948,24.151962
949,16.132324
950,41.81502
951,47.754684
952,48.846725
953,46.18022
954,39.39523
955,25.181879
956,27.626919
957,16.486158
958,41.35466
959,38.008812
960,46.094013
961,47.951115
962,48.468624
963,46.339226
964,43.937675
965,44.914593
966,45.238033
967,44.797752
968,43.709545
969,43.224865
970,39.471687
971,39.254128
972,47.039345
973,13.470067
974,15.617942
975,22.589254
976,16.827265
977,15.2945385
978,17.534779
979,11.807565
980,9.33348
981,21.439774
982,46.3414
983,48.17003
984,48.810566
985,47.142223
986,23.921541
987,16.673525
988,14.225578
989,8.765737
990,37.431072
991,44.779797
992,49.10014
993,47.74532
994,47.378338
995,47.063614
996,27.027477
997,15.104402
998,17.323114
999,23.22998
1000,18.62485
1001,16.675978
1002,16.404732
1003,9.552403
1004,21.063478
1005,45.486607
1006,48.47837
1007,47.08611
1008,44.98873
1009,27.861927
1010,17.19148
1011,18.773966
1012,12.453928
1013,11.591181
1014,44.080654
1015,49.032257
1016,47.984818
1017,28.200977
1018,17.944757
1019,24.802412
1020,16.453335
1021,16.270649
1022,9.252082
1023,38.52362
1024,44.42256
1025,37.160202
1026,48.64977
1027,28.600151
1028,20.399353
1029,18.450567
1030,19.268612
1031,18.27723
1032,18.801208
1033,41.301037
1034,39.628864
1035,45.528942
1036,47.736507
1037,48.003304
1038,44.027927
1039,41.156837
1040,41.43662
1041,40.812374
1042,38.49177
1043,37.33615
1044,44.894016
1045,39.318703
1046,37.416344
1047,48.108223
1048,47.16676
1049,47.28666
1050,26.830685
1051,21.465208
1052,15.33166
1053,7.998469
1054,46.59703
1055,48.351578
1056,48.114998
1057,46.6455
1058,44.646996
1059,14.7216425
1060,20.547823
1061,17.579535
1062,9.501854
1063,39.973083
1064,45.942883
1065,41.705208
1066,48.76983
1067,47.6265
1068,48.625572
1069,47.49401
1070,47.244545
1071,45.233765
1072,14.736555
1073,15.288816
1074,13.339664
1075,21.280859
1076,39.29257
1077,48.388355
1078,45.241993
1079,13.473531
1080,15.385459
1081,16.744444
1082,16.227524
1083,11.947858
1084,45.2316
1085,39.345177
1086,44.137882
1087,47.246548
1088,16.067078
1089,10.956149
1090,37.31645
1091,39.55325
1092,48.684086
1093,47.847797
1094,47.027004
1095,39.746727
1096,23.557903
1097,20.63369
1098,15.31382
1099,17.885395
1100,18.766237
1101,30.21657
1102,41.20722
1103,38.30789
1104,34.808136
1105,35.31883
1106,47.758152
1107,47.503567
1108,42.98592
1109,40.871742
1110,41.220707
1111,40.24223
1112,37.34424
1113,43.11411
1114,43.96387
1115,48.48231
1116,48.04873
1117,47.86652
1118,27.801888
1119,23.151634
1120,40.14629
1121,41.34086
1122,44.165863
1123,49.477757
1124,47.177658
1125,30.72579
1126,27.799364
1127,25.447905
1128,30.667198
1129,39.535286
1130,41.28408
1131,47.475838
1132,46.55216
1133,44.872845
1134,40.577053
1135,17.96207
1136,21.41115
1137,20.862465
1138,19.032555
1139,15.153872
1140,43.783703
1141,40.414436
1142,46.794044
1143,48.358067
1144,47.431744
1145,40.320717
1146,19.556374
1147,20.79528
1148,45.119354
1149,42.89257
1150,17.405073
1151,25.428648
1152,25.466818
1153,22.632803
1154,22.648428
1155,18.535286
1156,16.336319
1157,27.496758
1158,40.720932
1159,37.424694
1160,45.45275
1161,45.832
1162,49.17035
1163,49.188244
1164,22.93623
1165,25.498737
1166,22.28537
1167,23.215937
1168,46.567085
1169,47.487446
1170,48.319283
1171,40.13401
1172,31.333334
1173,42.009403
1174,39.44597
1175,47.896942
1176,48.063454
1177,30.740726
1178,21.959337
1179,20.680346
1180,21.172792
1181,20.091974
1182,15.519065
1183,42.96043
1184,41.82617
1185,45.938923
1186,45.34293
1187,44.938175
1188,28.886896
1189,16.755451
1190,16.07877
1191,16.608015
1192,39.305
1193,43.900833
1194,47.890316
1195,47.247883
1196,46.019386
1197,44.730434
1198,27.841747
1199,40.62115
1200,48.7424
1201,47.626385
1202,42.305527
1203,13.436048
1204,20.214039
1205,18.589998
1206,19.784582
1207,10.05409
1208,21.69112
1209,35.24214
1210,46.98118
1211,44.21122
1212,24.066923
1213,22.339554
1214,20.376007
1215,18.967854
1216,48.511547
1217,49.21531
1218,48.582363
1219,34.008354
1220,23.869059
1221,22.803123
1222,22.48244
1223,20.650421
1224,19.909191
1225,15.372301
1226,11.980857
1227,36.482376
1228,36.921776
1229,41.545082
1230,47.211456
1231,47.84658
1232,39.93161
1233,39.67345
1234,37.645294
1235,47.955925
1236,14.621806
1237,20.833746
1238,16.118067
1239,11.796325
1240,23.814342
1241,46.246624
1242,41.457718
1243,43.472176
1244,48.850193
1245,47.5399
1246,18.633919
1247,27.034214
1248,26.895412
1249,12.278376
1250,45.970634
1251,48.943947
1252,47.66246
1253,47.4709
1254,24.452423
1255,15.541459
1256,15.74782
1257,41.09502
1258,47.90916
1259,47.031174
1260,46.876816
1261,45.157566
1262,27.806091
1263,20.901272
1264,15.918232
1265,16.73745
1266,14.369727
1267,15.03647
1268,21.87883
1269,48.86466
1270,48.206387
1271,48.41693
1272,44.897076
1273,14.080183
1274,16.006466
1275,17.986805
1276,19.104336
1277,12.85049
1278,23.377476
1279,39.019135
1280,44.394825
1281,36.5424
1282,46.905403
1283,47.3617
1284,47.218796
1285,24.317736
1286,24.354536
1287,20.70137
1288,23.244263
1289,22.481571
1290,36.426914
1291,46.976437
1292,47.86716
1293,43.03705
1294,43.3241
1295,42.29737
1296,42.640766
1297,38.847206
1298,45.534462
1299,47.198986
1300,46.501427
1301,44.79659
1302,23.966345
1303,13.829137
1304,25.203634
1305,48.182476
1306,47.709194
1307,47.749874
1308,47.328484
1309,36.84969
1310,29.506325
1311,34.072056
1312,25.674038
1313,25.884413
1314,19.372923
1315,34.31854
1316,41.006844
1317,41.76004
1318,44.367172
1319,47.454647
1320,47.25693
1321,45.285816
1322,15.779399
1323,15.632974
1324,17.839182
1325,24.78334
1326,48.116447
1327,23.098797
1328,19.487585
1329,17.090109
1330,18.03814
1331,11.960439
1332,23.578894
1333,39.973087
1334,39.82139
1335,48.07698
1336,47.09584
1337,46.162643
1338,17.882029
1339,20.898417
1340,19.532269
1341,18.741756
1342,49.366535
1343,49.07947
1344,42.997948
1345,27.879515
1346,24.825954
1347,19.591843
1348,20.257557
1349,42.403145
1350,40.05967
1351,40.967598
1352,42.296505
1353,41.459167
1354,42.008686
1355,37.838028
1356,43.88932
1357,38.82643
1358,47.148716
1359,26.763554
1360,24.976936
1361,23.941128
1362,17.765093
1363,14.640075
1364,16.429165
1365,13.486682
1366,12.64414
1367,42.153755
1368,48.00502
1369,26.533081
1370,26.647753
1371,15.984652
1372,9.485498
1373,37.65476
1374,48.0786
1375,47.77362
1376,48.24112
1377,25.392086
1378,17.909798
1379,42.034782
1380,41.889416
1381,47.06595
1382,18.914804
1383,10.074641
1384,37.47537
1385,43.067802
1386,40.017933
1387,47.88805
1388,48.159454
1389,44.188248
1390,20.443298
1391,20.953716
1392,20.077509
1393,16.691467
1394,16.724234
1395,13.650366
1396,39.31972
1397,48.593655
1398,48.038067
1399,48.340134
1400,27.651785
1401,28.082178
1402,45.87313
1403,46.36353
1404,53.23353
1405,49.25447
1406,40.588642
1407,41.685722
1408,37.991745
1409,36.616364
1410,27.804762
1411,40.029182
1412,45.56706
1413,47.085384
1414,12.997385
1415,24.83058
1416,40.42521
1417,47.182434
1418,47.50275
1419,47.20708
1420,14.041038
1421,18.085682
1422,18.429108
1423,15.714169
1424,15.572477
1425,14.423203
1426,13.101594
1427,24.163914
1428,40.66957
1429,47.317104
1430,47.343964
1431,46.370667
1432,45.044327
1433,42.76752
1434,17.310846
1435,16.198996
1436,17.047495
1437,20.121355
1438,13.266609
1439,24.663677
1440,39.473454
1441,43.055733
1442,47.224953
1443,48.06205
1444,45.26219
1445,27.678091
1446,15.99011
1447,42.475468
1448,46.018177
1449,44.541306
1450,33.091553
1451,18.064516
1452,18.505404
1453,21.483963
1454,10.238341
1455,40.739906
1456,45.05876
1457,48.492397
1458,47.12498
1459,50.121414
1460,18.306866
1461,15.342003
1462,21.823606
1463,40.654366
1464,47.19354
1465,48.630585
1466,47.35211
1467,44.65908
1468,41.576347
1469,36.90826
1470,40.251446
1471,41.63505
1472,47.25782
1473,46.578117
1474,16.49405
1475,15.3428955
1476,17.945452
1477,10.797021
1478,38.631947
1479,37.432556
1480,48.278606
1481,48.05591
1482,47.602882
1483,31.419699
1484,20.548279
1485,21.55508
1486,20.75257
1487,16.071392
1488,13.885062
1489,12.697986
1490,22.587925
1491,37.141605
1492,46.412495
1493,45.926384
1494,45.38536
1495,42.936478
1496,18.668594
1497,17.443264
1498,14.499443
1499,10.08428
1500,21.091457
1501,38.087296
1502,45.77161
1503,48.56518
1504,47.398384
1505,45.311863
1506,15.434456
1507,19.642094
1508,21.306093
1509,18.04271
1510,15.154648
1511,10.285339
1512,10.181012
1513,37.577507
1514,44.92605
1515,37.980366
1516,44.18677
1517,24.693474
1518,7.881558
1519,38.21129
1520,37.503418
1521,47.51586
1522,46.266785
1523,22.617994
1524,23.66205
1525,19.460178
1526,19.750166
1527,17.516808
1528,39.434727
1529,33.869827
1530,45.957474
1531,46.41563
1532,37.566956
1533,37.458767
1534,43.53361
1535,42.919643
1536,35.23519
1537,48.259724
1538,47.991093
1539,47.444424
1540,47.20116
1541,44.96567
1542,30.900248
1543,25.48626
1544,29.081102
1545,28.481882
1546,26.77063
1547,40.744534
1548,48.13053
1549,48.20397
1550,47.499058
1551,45.323685
1552,25.039976
1553,23.04147
1554,19.086178
1555,16.665245
1556,11.800931
1557,23.739544
1558,38.39357
1559,48.307705
1560,48.474907
1561,47.765285
1562,48.22322
1563,13.051354
1564,20.172298
1565,11.3199005
1566,12.533228
1567,23.220488
1568,44.74388
1569,47.88517
1570,21.326517
1571,21.53154
1572,15.519854
1573,16.336395
1574,13.136458
1575,22.431616
1576,42.478413
1577,41.536716
1578,47.656807
1579,47.531715
1580,45.86141
1581,43.64372
1582,23.920294
1583,17.64206
1584,12.087332
1585,12.12417
1586,38.683525
1587,42.62039
1588,35.434464
1589,36.763153
1590,45.96146
1591,46.745712
1592,46.489796
1593,39.32661
1594,23.33639
1595,18.904003
1596,13.030636
1597,37.99339
1598,44.386887
1599,34.63204
1600,44.84015
1601,44.784145
1602,44.555607
1603,44.047348
1604,36.279964
1605,38.461956
1606,40.176647
1607,36.58731
1608,34.410664
1609,46.471798
1610,46.501442
1611,45.536575
1612,44.899944
1613,18.227386
1614,18.312819
1615,18.570528
1616,16.139193
1617,38.226494
1618,41.411617
1619,46.813187
1620,46.920975
1621,46.06806
1622,46.029476
1623,45.330414
1624,43.587677
1625,24.60499
1626,16.39257
1627,26.021112
1628,24.664062
1629,16.850843
1630,12.567874
1631,46.801933
1632,46.922966
1633,46.02224
1634,46.15857
1635,45.349785
1636,43.330135
1637,14.151059
1638,21.587784
1639,21.52913
1640,15.568387
1641,11.654161
1642,23.02879
1643,37.666306
1644,41.9602
1645,46.793453
1646,47.36982
1647,46.059475
1648,18.83845
1649,13.959244
1650,16.79815
1651,16.828388
1652,12.159879
1653,24.240866
1654,39.676823
1655,38.390976
1656,46.530064
1657,44.17655
1658,13.086404
1659,19.099121
1660,18.990498
1661,13.641874
1662,16.198418
1663,16.212091
1664,15.492703
1665,37.304432
1666,46.03798
1667,38.80602
1668,24.094963
1669,19.66822
1670,20.434895
1671,16.336428
1672,38.14051
1673,35.125027
1674,32.83007
1675,47.48393
1676,47.85373
1677,47.293297
1678,33.777985
1679,40.514168
1680,37.991013
1681,46.326836
1682,49.205627
1683,47.381668
1684,37.718197
1685,30.636734
1686,36.04461
1687,29.904516
1688,30.246992
1689,28.684895
1690,24.598808
1691,31.470573
1692,43.504787
1693,40.05323
1694,46.474476
1695,45.265564
1696,42.770355
1697,13.383531
1698,21.27788
1699,20.133055
1700,44.97701
1701,45.67606
1702,30.69779
1703,14.937227
1704,16.663155
1705,19.437294
1706,17.951996
1707,13.675642
1708,25.094507
1709,38.72719
1710,42.02919
1711,48.750187
1712,48.01805
1713,45.614613
1714,22.472107
1715,20.192268
1716,20.45009
1717,16.592648
1718,43.440273
1719,42.843796
1720,47.286957
1721,46.718834
1722,43.285866
1723,25.083776
1724,16.158546
1725,17.128235
1726,38.5949
1727,42.85652
1728,48.79632
1729,37.79816
1730,15.456863
1731,11.412209
1732,42.323822
1733,48.469234
1734,49.304466
1735,48.907997
1736,44.14435
1737,36.629898
1738,40.209656
1739,37.697838
1740,39.643353
1741,33.778267
1742,28.593058
1743,47.712067
1744,40.82553
1745,38.01898
1746,11.056623
1747,14.971027
1748,28.164417
1749,39.290455
1750,36.900738
1751,45.922493
1752,48.049408
1753,22.175404
1754,24.18793
1755,23.270807
1756,23.07069
1757,42.479317
1758,46.633606
1759,47.364494
1760,47.852623
1761,47.21264
1762,45.240997
1763,13.681274
1764,17.810934
1765,19.433977
1766,27.616154
1767,48.630196
1768,47.59137
1769,48.037334
1770,22.62463
1771,24.786783
1772,20.765398
1773,48.754547
1774,47.1411
1775,46.57558
1776,45.78045
1777,45.179913
1778,9.216856
1779,14.023171
1780,17.321363
1781,15.85283
1782,23.408735
1783,35.700893
1784,40.6927
1785,46.60112
1786,42.521496
1787,30.829315
1788,24.20643
1789,24.28803
1790,24.34557
1791,30.758959
1792,24.1023
1793,19.250807
1794,38.405567
1795,36.66864
1796,34.6286
1797,45.812004
1798,44.83253
1799,46.13221
1800,44.82201
1801,43.91192
1802,44.022312
1803,39.240196
1804,41.262
1805,39.07096
1806,33.61981
1807,41.2491
1808,41.273556
1809,44.66586
1810,45.10477
1811,43.91241
1812,44.336002
1813,42.78843
1814,19.512922
1815,22.2667
1816,24.584425
1817,18.85018
1818,25.12716
1819,38.54415
1820,41.241726
1821,48.622963
1822,47.402054
1823,17.547068
1824,18.313158
1825,24.231283
1826,17.714586
1827,23.554392
1828,24.97299
1829,43.17982
1830,37.09646
1831,48.94067
1832,45.971386
1833,44.282337
1834,32.135284
1835,16.622665
1836,18.026037
1837,18.13498
1838,18.742008
1839,17.414059
1840,23.647303
1841,38.458485
1842,37.43153
1843,46.017555
1844,18.698008
1845,13.834181
1846,18.421556
1847,10.726381
1848,36.401825
1849,46.899303
1850,46.73669
1851,44.863155
1852,18.416533
1853,19.46946
1854,19.192253
1855,23.276453
1856,22.905031
1857,38.605656
1858,33.36648
1859,48.687008
1860,47.430992
1861,25.301744
1862,25.074236
1863,20.711304
1864,23.529737
1865,47.519703
1866,47.78856
1867,46.509754
1868,44.517544
1869,43.67661
1870,40.887886
1871,39.637577
1872,43.912838
1873,36.3924
1874,47.211636
1875,46.46848
1876,46.186142
1877,44.194386
1878,23.285542
1879,20.939835
1880,12.380787
1881,48.49884
1882,48.49562
1883,47.99401
1884,48.031025
1885,21.081957
1886,27.408056
1887,23.63031
1888,21.384817
1889,24.065538
1890,47.849075
1891,18.694653
1892,25.50266
1893,25.51912
1894,21.816614
1895,15.547821
1896,47.518913
1897,47.857906
1898,18.900352
1899,20.256779
1900,14.5699215
1901,25.254171
1902,39.246754
1903,49.015896
1904,46.10675
1905,11.198628
1906,20.209259
1907,23.043783
1908,22.71641
1909,16.468822
1910,23.606504
1911,48.37932
1912,48.100307
1913,25.988392
1914,22.09725
1915,22.92108
1916,23.727262
1917,22.281134
1918,37.138695
1919,42.45939
1920,38.84982
1921,47.156143
1922,41.74682
1923,38.496765
1924,38.977512
1925,37.65278
1926,42.78864
1927,43.844666
1928,42.25583
1929,46.455383
1930,31.9353
1931,14.706855
1932,21.779081
1933,19.695074
1934,20.671408
1935,20.015512
1936,45.395462
1937,39.48109
1938,40.733192
1939,46.928223
1940,46.18629
1941,43.888042
1942,32.714
1943,15.250754
1944,28.36486
1945,26.686966
1946,16.677244
1947,23.281427
1948,39.913746
1949,36.788128
1950,48.11644
1951,46.514065
1952,44.270626
1953,38.00934
1954,17.554344
1955,17.359787
1956,19.309265
1957,17.274372
1958,12.9304
1959,37.2443
1960,45.37005
1961,47.746475
1962,46.601707
1963,46.455814
1964,42.115505
1965,23.622057
1966,15.974939
1967,42.514805
1968,42.355103
1969,48.67179
1970,44.385666
1971,10.150456
1972,19.369473
1973,20.260199
1974,18.268456
1975,13.94641
1976,25.917145
1977,41.47935
1978,46.066605
1979,45.952152
1980,46.926422
1981,44.822304
1982,32.909637
1983,23.17868
1984,26.719767
1985,26.035257
1986,26.394466
1987,25.753716
1988,41.57095
1989,47.14676
1990,48.648727
1991,47.816624
1992,49.794086
1993,24.026888
1994,27.417212
1995,34.632168
1996,32.849213
1997,32.3832
1998,47.934395
1999,30.959332
2000,18.737627
2001,19.529922
2002,18.3758
2003,16.025267
2004,27.366367
2005,43.78555
2006,41.75988
2007,48.58446
2008,23.53575
2009,23.00024
2010,24.530136
2011,20.17661
2012,17.725172
2013,18.090963
2014,21.928816
2015,19.579916
2016,23.593945
2017,19.502539
2018,33.970825
2019,30.847599
2020,36.32067
2021,46.92817
2022,46.753784
2023,46.245975
2024,16.299246
2025,22.795925
2026,24.28238
2027,25.649298
2028,20.944838
2029,38.722836
2030,35.30467
2031,39.485348
2032,47.84196
2033,45.294685
2034,18.578823
2035,15.983141
2036,11.676003
2037,14.111196
2038,6.36094
2039,47.5562
2040,46.242332
2041,46.891724
2042,17.57077
2043,21.659315
2044,22.506645
2045,22.772213
2046,42.524475
2047,44.250847
2048,38.4835
2049,38.6661
2050,37.182144
2051,35.76695
2052,44.111958
2053,47.026276
2054,46.893513
2055,44.47389
2056,17.924307
2057,24.417107
2058,23.766037
2059,19.633953
2060,23.465805
2061,16.62804
2062,13.441004
2063,46.00132
2064,46.385433
2065,44.711056
2066,17.980759
2067,24.905252
2068,19.536926
2069,21.247393
2070,11.885866
2071,37.04408
2072,39.601837
2073,43.402042
2074,46.56001
2075,28.342371
2076,14.404712
2077,19.735348
2078,19.124552
2079,20.55051
2080,22.608944
2081,37.765144
2082,46.38844
2083,45.44596
2084,43.62401
2085,14.033047
2086,20.112894
2087,16.91453
2088,16.74396
2089,42.12707
2090,40.933533
2091,46.581745
2092,46.23531
2093,47.00738
2094,44.465347
2095,16.38324
2096,22.169317
2097,19.215391
2098,18.221998
2099,19.939793
2100,14.380884
2101,38.950397
2102,46.81113
2103,47.43277
2104,46.380592
2105,45.769432
2106,26.070978
2107,22.99189
2108,20.688787
2109,20.25921
2110,17.74717
2111,19.792007
2112,18.285316
2113,34.64148
2114,45.33942
2115,46.843765
2116,46.80077
2117,44.353687
2118,43.92971
2119,39.5313
2120,36.91623
2121,38.886337
2122,42.090797
2123,41.91998
2124,32.08114
2125,35.477283
2126,47.38966
2127,47.171833
2128,47.280243
2129,45.783287
2130,44.05853
2131,16.836971
2132,18.674746
2133,19.177973
2134,15.324559
2135,18.247078
2136,16.22538
2137,7.970871
2138,48.339176
2139,48.247387
2140,20.320107
2141,19.543648
2142,40.250988
2143,49.229153
2144,48.93276
2145,46.00647
2146,16.356285
2147,18.693483
2148,14.013801
2149,15.128183
2150,20.92969
2151,35.04591
2152,39.769783
2153,47.70758
2154,47.78064
2155,47.35734
2156,14.758952
2157,14.616302
2158,15.986044
2159,13.213361
2160,15.791201
2161,9.88374
2162,32.34711
2163,36.970608
2164,48.2388
2165,32.07672
2166,16.08855
2167,17.384657
2168,19.270212
2169,20.218018
2170,19.232618
2171,18.742872
2172,15.640868
2173,9.8943615
2174,40.268127
2175,34.4815
2176,36.094143
2177,48.009018
2178,48.344463
2179,49.52465
2180,21.379025
2181,20.614422
2182,23.991018
2183,19.989944
2184,18.42726
2185,35.34037
2186,34.7592
2187,36.81997
2188,47.14678
2189,46.916748
2190,47.384125
2191,47.127308
2192,47.38333
2193,45.9839
2194,44.72762
2195,45.298115
2196,41.973087
2197,38.880188
2198,37.75359
2199,33.797047
2200,30.637575
2201,38.79017
2202,46.893158
2203,47.24755
2204,46.95569
2205,17.381628
2206,20.151114
2207,9.68016
2208,37.247166
2209,41.552387
2210,45.298256
2211,44.013603
2212,26.584314
2213,19.558695
2214,19.43354
2215,13.730166
2216,6.4244113
2217,18.80491
2218,40.078075
2219,46.573265
2220,47.243206
2221,46.475975
2222,46.13012
2223,44.61756
2224,15.177134
2225,18.133106
2226,16.689478
2227,16.579842
2228,5.80671
2229,7.365396
2230,21.869635
2231,44.091003
2232,45.247883
2233,46.57065
2234,46.421055
2235,45.525616
2236,43.307686
2237,15.222732
2238,17.736813
2239,26.574287
2240,14.897197
2241,22.732872
2242,34.914528
2243,46.23194
2244,48.159473
2245,46.667355
2246,47.879875
2247,47.114826
2248,44.584553
2249,28.44413
2250,12.704637
2251,19.553322
2252,19.629856
2253,17.088861
2254,19.101374
2255,14.094951
2256,7.589614
2257,16.795204
2258,33.01053
2259,32.960785
2260,48.03059
2261,48.79869
2262,46.926247
2263,24.924158
2264,19.529617
2265,17.531628
2266,41.27189
2267,48.42286
2268,47.899784
2269,42.065765
2270,42.24344
2271,42.80151
2272,40.596794
2273,37.709175
2274,38.69536
2275,47.938526
2276,47.604626
2277,42.557167
2278,47.084534
2279,47.53415
2280,47.935463
2281,46.916958
2282,28.27636
2283,19.39172
2284,20.60355
2285,19.517021
2286,19.956291
2287,19.612864
2288,16.96832
2289,39.777065
2290,47.06895
2291,30.944868
2292,15.522764
2293,16.953693
2294,21.963413
2295,18.83678
2296,16.477398
2297,43.047047
2298,39.360485
2299,47.665855
2300,46.51271
2301,19.573092
2302,17.312527
2303,14.688577
2304,16.080246
2305,11.568191
2306,9.290411
2307,35.7657
2308,39.881393
2309,47.806805
2310,45.712315
2311,47.510185
2312,47.209335
2313,45.660057
2314,34.357407
2315,47.33701
2316,48.02215
2317,47.549503
2318,31.798645
2319,14.398703
2320,21.371016
2321,21.392986
2322,15.448914
2323,10.667052
2324,18.221632
2325,42.35017
2326,47.192642
2327,47.6351
2328,46.956387
2329,47.524055
2330,45.949
2331,31.565214
2332,19.937971
2333,26.288652
2334,21.57397
2335,23.772966
2336,19.735315
2337,37.38805
2338,37.040623
2339,42.211094
2340,47.506996
2341,40.137478
2342,37.660023
2343,37.061806
2344,39.190258
2345,39.692265
2346,46.034367
2347,47.802387
2348,17.124495
2349,23.473972
2350,21.242949
2351,16.236313
2352,23.123909
2353,40.722
2354,46.64699
2355,48.5459
2356,47.14024
2357,44.039993
2358,13.422195
2359,18.258007
2360,18.05068
2361,16.24111
2362,17.405231
2363,14.451243
2364,11.83488
2365,37.467545
2366,45.858574
2367,47.778603
2368,47.18542
2369,44.7411
2370,23.900122
2371,13.776418
2372,40.677162
2373,43.36831
2374,47.616432
2375,47.363365
2376,15.465975
2377,17.457905
2378,17.269184
2379,16.520227
2380,6.307481
2381,34.97378
2382,38.75934
2383,48.29977
2384,46.952312
2385,43.835144
2386,13.177797
2387,17.09222
2388,18.947376
2389,35.593975
2390,47.740482
2391,48.55369
2392,48.46661
2393,25.481482
2394,22.785234
2395,22.295244
2396,26.683046
2397,22.228313
2398,48.25772
2399,47.93595
2400,48.034645
2401,20.077503
2402,14.139633
2403,13.268118
2404,29.571913
2405,41.379368
2406,47.981823
2407,46.18901
2408,37.155212
2409,49.399574
2410,47.2572
2411,31.627653
2412,27.13516
2413,32.87354
2414,26.91511
2415,28.900084
2416,17.218746
2417,35.083717
2418,47.434345
2419,45.437542
2420,22.579742
2421,18.986942
2422,47.264954
2423,46.031696
2424,11.759178
2425,13.640222
2426,15.310627
2427,18.20774
2428,15.241146
2429,15.355508
2430,9.196455
2431,6.4373565
2432,32.065735
2433,47.103836
2434,46.166363
2435,23.204782
2436,13.375837
2437,18.691107
2438,19.374323
2439,14.932933
2440,15.056027
2441,36.080494
2442,47.31292
2443,47.79888
2444,46.45425
2445,44.51614
2446,11.851377
2447,17.10535
2448,17.95342
2449,13.691633
2450,13.6713295
2451,15.661483
2452,49.729816
2453,40.44939
2454,23.147156
2455,29.097706
2456,16.138435
2457,33.05684
2458,25.04906
2459,47.864685
2460,46.31468
2461,37.729008
2462,39.29936
2463,39.6839
2464,35.06749
2465,34.554516
2466,42.232555
2467,40.897797
2468,39.12305
2469,47.771267
2470,48.0844
2471,47.297527
2472,46.779404
2473,26.72465
2474,15.997575
2475,17.22154
2476,23.59347
2477,23.276426
2478,20.128181
2479,11.43603
2480,14.307706
2481,47.882526
2482,44.638657
2483,45.994225
2484,46.78734
2485,46.46247
2486,46.161743
2487,31.026737
2488,36.92946
2489,37.70137
2490,29.557423
2491,28.127327
2492,29.147783
2493,21.021988
2494,46.09134
2495,38.051067
2496,47.13318
2497,46.837997
2498,47.361305
2499,46.044567
2500,44.111977
2501,20.083042
2502,13.9160595
2503,17.227339
2504,11.302652
2505,23.53858
2506,42.503456
2507,49.002056
2508,48.61252
2509,47.600094
2510,45.571198
2511,14.793644
2512,23.707088
2513,19.92126
2514,20.174322
2515,21.673046
2516,18.658863
2517,36.63336
2518,32.87633
2519,15.662865
2520,21.720982
2521,18.444675
2522,18.579489
2523,10.85292
2524,9.835148
2525,21.180836
2526,36.256607
2527,43.319916
2528,47.117992
2529,48.249752
2530,48.75812
2531,21.907259
2532,18.654402
2533,16.842474
2534,21.20056
2535,32.809254
2536,40.692524
2537,43.867104
2538,45.046013
2539,41.216698
2540,37.744865
2541,39.510944
2542,42.835106
2543,42.11245
2544,48.44996
2545,49.337406
2546,48.317856
2547,46.224056
2548,32.902153
2549,32.064964
2550,29.963842
2551,26.64467
2552,22.561293
2553,31.040508
2554,44.435303
2555,44.82167
2556,48.22008
2557,49.09979
2558,48.03675
2559,48.527214
2560,46.76929
2561,36.626083
2562,25.8902
2563,26.6405
2564,29.477076
2565,22.082447
2566,15.602194
2567,38.55558
2568,47.44898
2569,44.261444
2570,15.02987
2571,19.565762
2572,18.01305
2573,16.469063
2574,14.0227585
2575,48.258743
2576,26.117165
2577,14.613411
2578,13.27189
2579,40.92914
2580,42.709515
2581,46.62702
2582,46.701378
2583,46.33205
2584,44.90561
2585,42.73685
2586,15.196355
2587,25.963745
2588,22.414028
2589,22.496017
2590,20.179949
2591,36.433773
2592,33.67254
2593,42.90241
2594,47.989864
2595,47.17873
2596,24.819437
2597,27.368694
2598,25.723515
2599,21.955595
2600,22.253016
2601,16.767422
2602,18.038912
2603,39.829514
2604,48.64241
2605,53.12299
2606,52.63956
2607,31.510675
2608,38.126095
2609,32.968525
2610,31.131323
2611,34.119984
2612,34.626987
2613,37.9937
2614,33.43683
2615,37.91986
2616,47.0064
2617,43.89806
2618,32.32976
2619,17.651775
2620,20.162973
2621,26.930407
2622,26.039495
2623,23.214117
2624,23.614697
2625,21.110352
2626,38.77385
2627,47.08248
2628,48.025505
2629,47.443542
2630,31.83631
2631,21.298178
2632,19.700413
2633,20.830942
2634,19.257513
2635,38.237595
2636,42.93038
2637,35.24086
2638,40.58809
2639,46.685215
2640,48.3482
2641,46.61758
2642,26.05968
2643,14.932416
2644,14.689811
2645,12.991075
2646,14.402769
2647,13.026427
2648,6.712271
2649,44.325756
2650,47.10388
2651,47.201122
2652,48.00825
2653,47.382404
2654,35.254128
2655,17.485321
2656,20.161572
2657,17.350185
2658,27.282763
2659,41.700058
2660,36.448917
2661,46.27863
2662,47.917263
2663,47.373013
2664,47.047386
2665,27.673994
2666,16.925531
2667,19.398867
2668,18.366636
2669,18.418478
2670,17.657707
2671,43.21363
2672,38.191944
2673,21.854387
2674,19.793829
2675,19.431988
2676,32.900974
2677,35.74967
2678,38.50747
2679,46.40159
2680,45.90067
2681,45.110798
2682,43.764317
2683,38.377277
2684,36.798492
2685,39.262516
2686,47.770836
2687,46.980305
2688,46.177498
2689,44.108658
2690,26.156183
2691,16.581945
2692,21.066116
2693,15.017299
2694,37.22062
2695,40.88934
2696,39.6269
2697,47.587254
2698,47.421474
2699,45.792126
2700,12.056444
2701,14.109932
2702,13.840683
2703,15.1881485
2704,37.061573
2705,43.231358
2706,48.193085
2707,46.381058
2708,34.80485
2709,38.01774
2710,27.939629
2711,30.78194
2712,28.422941
2713,28.285141
2714,21.8877
2715,47.21048
2716,47.226753
2717,45.64112
2718,26.10239
2719,17.764257
2720,23.36639
2721,17.1167
2722,18.510092
2723,16.056393
2724,10.356188
2725,21.293287
2726,36.72024
2727,47.652905
2728,48.0901
2729,45.118355
2730,22.694178
2731,16.003506
2732,10.514994
2733,22.275066
2734,37.077732
2735,47.750675
2736,49.781742
2737,48.896732
2738,49.504734
2739,48.936207
2740,44.229286
2741,28.293142
2742,21.251425
2743,19.757545
2744,20.652966
2745,17.507174
2746,18.638575
2747,38.199936
2748,49.090794
2749,48.724953
2750,47.772285
2751,45.22746
2752,42.898026
2753,38.390503
2754,40.370125
2755,37.8721
2756,35.317623
2757,48.524696
2758,47.71705
2759,47.406967
2760,21.405146
2761,17.642008
2762,17.238045
2763,10.302351
2764,22.913473
2765,38.89087
2766,43.707565
2767,48.619137
2768,49.083714
2769,47.927876
2770,46.078392
2771,14.124965
2772,22.489534
2773,23.472921
2774,16.295382
2775,20.902662
2776,35.451336
2777,42.374474
2778,39.947624
2779,48.529648
2780,48.277817
2781,48.859463
2782,47.85988
2783,45.609043
2784,26.154488
2785,13.811128
2786,20.28243
2787,18.982914
2788,13.088378
2789,7.435221
2790,20.161383
2791,35.87336
2792,43.12838
2793,36.8271
2794,40.76348
2795,49.71377
2796,46.99029
2797,16.265816
2798,21.218046
2799,21.954903
2800,19.058514
2801,17.35019
2802,20.028107
2803,16.119335
2804,20.840244
2805,33.88909
2806,47.77905
2807,49.170826
2808,47.784576
2809,27.297646
2810,15.213302
2811,19.8453
2812,16.116978
2813,15.604072
2814,21.273893
2815,43.493446
2816,36.814034
2817,47.813023
2818,23.36045
2819,24.072098
2820,22.90425
2821,19.082136
2822,34.71217
2823,39.761475
2824,37.246754
2825,44.326424
2826,46.469357
2827,46.853527
2828,46.734882
2829,41.39607
2830,35.494793
2831,34.97621
2832,34.945007
2833,37.47053
2834,36.831593
2835,34.295856
2836,37.609627
2837,47.350555
2838,46.90014
2839,13.756122
2840,21.064135
2841,21.976202
2842,18.283205
2843,16.401426
2844,18.053585
2845,12.413505
2846,39.611538
2847,43.63694
2848,48.509563
2849,47.898983
2850,48.86028
2851,48.148018
2852,47.679768
2853,46.042553
2854,17.310349
2855,17.338339
2856,44.403202
2857,37.69379
2858,40.381126
2859,49.30235
2860,25.61887
2861,13.092534
2862,15.316258
2863,21.845165
2864,17.927
2865,9.162355
2866,20.014137
2867,33.906654
2868,41.508213
2869,36.01118
2870,24.606434
2871,23.675308
2872,22.185839
2873,19.061201
2874,16.8161
2875,38.738026
2876,45.33858
2877,47.28577
2878,46.283356
2879,47.12833
2880,35.31166
2881,24.324173
2882,21.60537
2883,22.03348
2884,19.738235
2885,16.707499
2886,14.624666
2887,40.983795
2888,42.54869
2889,46.584743
2890,46.15504
2891,45.05635
2892,34.45426
2893,26.429039
2894,26.218573
2895,21.318184
2896,19.64134
2897,21.562523
2898,26.2131
2899,41.80104
2900,43.5324
2901,47.39983
2902,47.40297
2903,41.2663
2904,42.754208
2905,44.04445
2906,39.13328
2907,38.95884
2908,33.819386
2909,48.97147
2910,44.97514
2911,47.03419
2912,46.22061
2913,28.64539
2914,15.787442
2915,28.990238
2916,25.984247
2917,22.84858
2918,38.03014
2919,41.409042
2920,46.75955
2921,47.624393
2922,47.250183
2923,22.051397
2924,18.595453
2925,20.474794
2926,18.174084
2927,13.324533
2928,10.475503
2929,38.54055
2930,47.306858
2931,47.34611
2932,17.839664
2933,19.346521
2934,18.120588
2935,19.959091
2936,16.961407
2937,13.54204
2938,41.550606
2939,36.44395
2940,47.103565
2941,46.993053
2942,45.29691
2943,16.562786
2944,23.985065
2945,24.278399
2946,13.820354
2947,25.38573
2948,41.157993
2949,36.770996
2950,40.362293
2951,47.728134
2952,46.536663
2953,32.485565
2954,21.039839
2955,22.583595
2956,18.9923
2957,16.946201
2958,18.508234
2959,27.021181
2960,41.17415
2961,38.80017
2962,47.001465
2963,49.220898
2964,30.801586
2965,17.865562
2966,17.416119
2967,18.83039
2968,19.03299
2969,17.78656
2970,20.5315
2971,24.709839
2972,46.56589
2973,48.43625
2974,47.804432
2975,41.370796
2976,34.75005
2977,31.677933
2978,41.17721
2979,22.961302
2980,20.295599
2981,18.158365
2982,18.4442
2983,14.855368
2984,12.628778
2985,45.808758
2986,47.871536
2987,48.23616
2988,47.820232
2989,45.247017
2990,13.655208
2991,16.415146
2992,21.197065
2993,21.99421
2994,17.074278
2995,11.526946
2996,19.329628
2997,44.68097
2998,43.169838
2999,49.288082
3000,47.649933
3001,47.26045
3002,22.984526
3003,18.744411
3004,16.291187
3005,8.3640175
3006,37.526886
3007,41.087246
3008,46.683964
3009,44.750423
3010,17.663673
3011,19.139143
3012,20.483393
3013,36.13406
3014,43.64383
3015,35.017986
3016,48.558483
3017,25.146366
3018,18.533764
3019,17.767952
3020,15.292295
3021,10.106372
3022,21.566463
3023,31.667955
3024,46.69599
3025,40.45887
3026,17.773977
3027,15.957904
3028,18.967566
3029,18.886473
3030,18.803085
3031,35.37212
3032,44.883064
3033,47.38301
3034,46.916553
3035,47.572445
3036,43.86231
3037,39.530945
3038,37.94312
3039,39.302494
3040,38.71632
3041,40.368988
3042,34.550594
3043,42.92173
3044,42.49015
3045,43.62634
3046,47.351677
3047,47.583008
3048,43.675407
3049,14.441429
3050,23.159477
3051,18.809057
3052,19.084908
3053,15.286351
3054,16.607555
3055,13.75974
3056,47.412582
3057,48.403194
3058,48.897747
3059,48.109146
3060,48.81916
3061,15.870188
3062,21.780266
3063,17.813324
3064,14.871013
3065,16.435755
3066,16.282078
3067,11.389401
3068,45.913715
3069,39.65256
3070,48.784607
3071,48.40004
3072,47.674828
3073,47.28171
3074,22.185043
3075,19.498453
3076,20.955606
3077,17.395603
3078,17.079971
3079,17.005701
3080,8.121403
3081,33.435654
3082,42.041203
3083,41.801727
3084,48.819786
3085,47.765648
3086,47.56643
3087,23.695457
3088,14.960814
3089,17.342295
3090,19.068277
3091,15.056315
3092,16.801737
3093,13.816582
3094,35.595016
3095,34.991978
3096,49.52135
3097,48.117485
3098,24.969748
3099,17.866203
3100,19.79277
3101,16.902
3102,16.738556
3103,17.535534
3104,8.286802
3105,35.26632
3106,36.813896
3107,48.48367
3108,48.524757
3109,47.11462
3110,19.775267
3111,17.458435
3112,16.516418
3113,17.975357
3114,33.719368
3115,36.22266
3116,47.444378
3117,47.320652
3118,44.01398
3119,39.386562
3120,37.164783
3121,37.84545
3122,38.144863
3123,39.4365
3124,41.671463
3125,33.809685
3126,36.052006
3127,36.12122
3128,43.174187
3129,48.05465
3130,48.220093
3131,47.526318
3132,47.19915
3133,24.053843
3134,15.541184
3135,17.490946
3136,22.666212
3137,23.022253
3138,16.82987
3139,11.277983
3140,47.63814
3141,23.543934
3142,17.007421
3143,15.902303
3144,10.546032
3145,8.534191
3146,46.83836
3147,47.78736
3148,45.51231
3149,43.79269
3150,12.745475
3151,9.469969
3152,33.08118
3153,45.088943
3154,48.291935
3155,46.904575
3156,13.2632885
3157,19.151714
3158,18.93447
3159,19.417707
3160,16.967577
3161,48.04111
3162,45.905136
3163,26.433191
3164,14.674997
3165,19.753672
3166,18.43084
3167,18.34666
3168,17.1893
3169,6.6379757
3170,17.987288
3171,38.482246
3172,50.018356
3173,50.727383
3174,49.73102
3175,18.403698
3176,16.285366
3177,19.249557
3178,20.480274
3179,17.077251
3180,16.123783
3181,14.555056
3182,13.244407
3183,41.206055
3184,34.68545
3185,40.3795
3186,47.564915
3187,47.630695
3188,47.39188
3189,48.42606
3190,47.01895
3191,27.054592
3192,29.27453
3193,38.08444
3194,35.6874
3195,33.96052
3196,43.869312
3197,47.338684
3198,48.377865
3199,46.912277
3200,47.905113
3201,45.34668
3202,30.383566
3203,15.55503
3204,21.027637
3205,17.364082
3206,14.901376
3207,35.136295
3208,39.37595
3209,35.97266
3210,48.5364
3211,47.730824
3212,48.854782
3213,47.58761
3214,44.045326
3215,16.412182
3216,23.310503
3217,14.923331
3218,39.32707
3219,35.060368
3220,43.311604
3221,48.21045
3222,47.202477
3223,47.93357
3224,23.098768
3225,23.084692
3226,18.634338
3227,12.232357
3228,39.850544
3229,34.36905
3230,38.396427
3231,46.579502
3232,46.23597
3233,46.671085
3234,46.2998
3235,21.13021
3236,18.369907
3237,15.694405
3238,18.36986
3239,10.132525
3240,24.856518
3241,40.487366
3242,47.96381
3243,47.985497
3244,27.565224
3245,15.65499
3246,16.094042
3247,20.116558
3248,20.81672
3249,14.789763
3250,13.577645
3251,13.695636
3252,23.887983
3253,37.585335
3254,30.351667
3255,38.68106
3256,47.618626
3257,49.34982
3258,30.090364
3259,29.948736
3260,15.318073
3261,17.760538
3262,39.783096
3263,33.901318
3264,37.87906
3265,46.16345
3266,46.765087
3267,38.138805
3268,35.284744
3269,36.145706
3270,40.755863
3271,43.611294
3272,40.425026
3273,48.39797
3274,46.538174
3275,13.9395485
3276,16.06367
3277,16.406305
3278,12.1450405
3279,25.244577
3280,33.288338
3281,46.959244
3282,48.15882
3283,47.262177
3284,28.083107
3285,22.884329
3286,19.435196
3287,20.874758
3288,18.678574
3289,20.100603
3290,14.231352
3291,10.8596
3292,36.56864
3293,42.316925
3294,37.27054
3295,41.528484
3296,47.403324
3297,48.41252
3298,44.94414
3299,22.915363
3300,19.555153
3301,15.445026
3302,49.317745
3303,48.245476
3304,49.205826
3305,48.388573
3306,25.55445
3307,17.785809
3308,18.39077
3309,16.927778
3310,14.7927885
3311,8.835384
3312,16.876865
3313,32.15271
3314,47.83812
3315,49.028404
3316,47.130054
3317,45.207146
3318,24.941334
3319,14.817875
3320,17.573286
3321,23.029243
3322,24.005684
3323,17.422108
3324,16.749817
3325,11.809543
3326,7.0171604
3327,17.123554
3328,32.60959
3329,41.520386
3330,48.51283
3331,47.85224
3332,25.524496
3333,26.322374
3334,44.669296
3335,47.101467
3336,47.28319
3337,46.871147
3338,44.182903
3339,39.973316
3340,40.69337
3341,40.55518
3342,35.314835
3343,43.461304
3344,28.656948
3345,36.941372
3346,46.78013
3347,47.304344
3348,46.200455
3349,44.09649
3350,23.384323
3351,14.972676
3352,18.05007
3353,13.597414
3354,10.141788
3355,21.221836
3356,35.922997
3357,44.466125
3358,47.155552
3359,48.473522
3360,22.80019
3361,21.162777
3362,21.4923
3363,15.840074
3364,10.2564
3365,21.165785
3366,39.619442
3367,48.283253
3368,45.66104
3369,24.756304
3370,16.938251
3371,34.811295
3372,39.26756
3373,48.249043
3374,49.682617
3375,48.684418
3376,48.696445
3377,27.026093
3378,11.893607
3379,11.410246
3380,18.219788
3381,14.266497
3382,14.768765
3383,15.665392
3384,7.552656
3385,19.206043
3386,31.77404
3387,47.17677
3388,35.075817
3389,23.747997
3390,9.927829
3391,16.901958
3392,28.518894
3393,48.35057
3394,49.520344
3395,49.02252
3396,48.30844
3397,24.229431
3398,21.832426
3399,16.511097
3400,18.645466
3401,18.069065
3402,16.720802
3403,19.293545
3404,27.46439
3405,43.407204
3406,47.73102
3407,47.491684
3408,47.23511
3409,46.365925
3410,45.78212
3411,40.22958
3412,38.967537
3413,39.63644
3414,30.611084
3415,47.321236
3416,46.15936
3417,19.494604
3418,25.470766
3419,20.115467
3420,18.346241
3421,12.149732
3422,14.273207
3423,42.849014
3424,49.360386
3425,49.46787
3426,48.85776
3427,46.181583
3428,30.977448
3429,35.214943
3430,32.132576
3431,27.661211
3432,28.242243
3433,20.631432
3434,19.174292
3435,32.065598
3436,42.23935
3437,48.060585
3438,50.078987
3439,48.506866
3440,48.141697
3441,34.66163
3442,27.716795
3443,26.68142
3444,21.158562
3445,20.171413
3446,31.811743
3447,38.20727
3448,47.172222
3449,46.263897
3450,47.221874
3451,46.824417
3452,45.57513
3453,39.146873
3454,24.823778
3455,21.11975
3456,21.679886
3457,19.472164
3458,11.880464
3459,47.35699
3460,48.212883
3461,47.95801
3462,47.524803
3463,47.3954
3464,21.322372
3465,18.539385
3466,19.979977
3467,21.26267
3468,12.565551
3469,33.90895
3470,48.538147
3471,45.174385
3472,34.876144
3473,22.205965
3474,23.568104
3475,23.452354
3476,34.70168
3477,42.091537
3478,33.963562
3479,42.725117
3480,46.311085
3481,46.153835
3482,46.287613
3483,46.578476
3484,45.886765
3485,46.60241
3486,44.62777
3487,46.447422
3488,43.535885
3489,40.472584
3490,39.267887
3491,43.362366
3492,42.223507
3493,46.85358
3494,46.663624
3495,45.344513
3496,30.844395
3497,20.444237
3498,17.472515
3499,13.302254
3500,24.018002
3501,45.510506
3502,40.24821
3503,40.86981
